{"cameraMode":{"drawMode":0,"name":"Shaded","section":"Shading Mode"},"sceneLighting":true,"audioPlay":false,"sceneViewState":{"m_AlwaysRefresh":false,"showFog":true,"showSkybox":true,"showFlares":true,"showImageEffects":true,"showParticleSystems":true,"showVisualEffectGraphs":true,"m_FxEnabled":true},"in2DMode":false,"pivot":{"x":-217.79232788085938,"y":426.9624938964844,"z":-88.02091979980469},"rotation":{"x":-0.002054617740213871,"y":0.9858970046043396,"z":-0.012136602774262429,"w":-0.16690145432949067},"size":435.8040771484375,"orthographic":false}